img_search_addr,score,img_urls,url,name,addr,upso_nm
(주)거구상사(거구장),장소 없음,없음,없음,없음,서울특별시 마포구 백범로 23,(주)거구상사(거구장)
(주)어번그룹 바토스 이태원점,장소 없음,없음,없음,없음,서울특별시 용산구 이태원로15길 1,(주)어번그룹 바토스 이태원점
(주)에스와이에스홀딩스 이남장설렁탕 전자랜드점,장소 없음,없음,없음,없음,서울특별시 용산구 청파로 74,(주)에스와이에스홀딩스 이남장설렁탕 전자랜드점
(주)전설그룹,장소 없음,없음,없음,없음,서울특별시 마포구 월드컵북로 396,(주)전설그룹
(주)제이제이퀴진 현대옥 상암DMC점,장소 없음,없음,없음,없음,서울특별시 마포구 상암산로 76,(주)제이제이퀴진 현대옥 상암DMC점
금천문,,https://img1.kakaocdn.net/cthumb/local/C544x408.q50/?fname=http%3A%2F%2Ft1.kakaocdn.net%2Fmystore%2F7B793C40BAAD4402B6C207D39676365A; https://img1.kakaocdn.net/cthumb/local/C264x196.q50/?fname=http%3A%2F%2Ft1.kakaocdn.net%2Ffiy_reboot%2Fplace%2F181A5D4EA8F04015AFC6094551C01052; https://img1.kakaocdn.net/cthumb/local/C264x196.q50/?fname=http%3A%2F%2Ft1.kakaocdn.net%2Fmystore%2F334631514CF54C99999FB5A7D3F78989; https://img1.kakaocdn.net/cthumb/local/C264x196.q50/?fname=http%3A%2F%2Ft1.kakaocdn.net%2Fmystore%2F5776E422F72441148A02D1C52C3FA362; https://img1.kakaocdn.net/cthumb/local/C264x196.q50/?fname=http%3A%2F%2Ft1.kakaocdn.net%2Fmystore%2FB835C3CEAC3044D19C67D1D46C65432B,https://place.map.kakao.com/15765489,금천문오향족발,서울특별시 용산구 한강대로 268,금천문
기웅이서울찜닭&골뱅이,4,https://img1.kakaocdn.net/cthumb/local/C544x408.q50/?fname=https%3A%2F%2Fpostfiles.pstatic.net%2FMjAyNDEwMTNfMTM0%2FMDAxNzI4Nzc5MDA2ODQ4.Tz81vueWhir5PoEpPpJsk3Blkook-20OHynfXd9wzZog.-ZO5_kZapQRIe222YlsECmN96W5cja0UFsbkA3jTG-Qg.JPEG%2FIMG_2503.jpg%3Ftype%3Dw966; https://img1.kakaocdn.net/cthumb/local/C264x196.q50/?fname=https%3A%2F%2Fpostfiles.pstatic.net%2FMjAyNDEwMTNfMTM1%2FMDAxNzI4Nzc5MDA4MTEy.wv_BSXvS56PyGhCPjQaJcTL9Q-3XSw3x_n9u1_UyCCwg.2QtyvPsSLOrk2euQiMFE4NVSzCsroHSOhfKnhhropFkg.JPEG%2FIMG_2510.jpg%3Ftype%3Dw966; https://img1.kakaocdn.net/cthumb/local/C264x196.q50/?fname=https%3A%2F%2Fpostfiles.pstatic.net%2FMjAyNDEyMjZfMjkw%2FMDAxNzM1MTg1ODc0NzI5.LxX0aZXghmbEOC8VFNLXXyldQ2uFPP7uv7M3xjeZWFsg.Gn1AsVwd5xEXKncL28AXv2yAMot-4oJM8c5Hie4tHXkg.JPEG%2F900%25EF%25BC%25BF1735185536926.jpg%3Ftype%3Dw466; https://img1.kakaocdn.net/cthumb/local/C264x196.q50/?fname=https%3A%2F%2Fpostfiles.pstatic.net%2FMjAyNDEyMjZfMTUy%2FMDAxNzM1MTg1ODc0MjYw.Eeh0fOO1I5BAGqEaLVXM6xa8ZeZmIu8m6VwpW878Okwg.7sqUDcfTHuXqv69SXbA1WNy8PPCQuZJHFj6R84WgWUYg.JPEG%2F900%25EF%25BC%25BF1735185537546.jpg%3Ftype%3Dw466; https://img1.kakaocdn.net/cthumb/local/C264x196.q50/?fname=https%3A%2F%2Fpostfiles.pstatic.net%2FMjAyNDEyMjZfMTU1%2FMDAxNzM1MTg1ODY4OTYz.fDLpzRMgzDI7YfEOCDqvyGBIhfUIxUSW8cINVmrjOyUg.eJJ3lvDhIGJjjUEzmCM4nWP7AsB9Yei4GtLg6sRwtDkg.JPEG%2F900%25EF%25BC%25BF1735185538242.jpg%3Ftype%3Dw466,https://place.map.kakao.com/22134394,기웅이서울찜닭 골뱅이,서울특별시 마포구 월드컵북로48길 13,기웅이서울찜닭&골뱅이
길농원훈제바베큐,장소 없음,없음,없음,없음,서울특별시 용산구 원효로 71,길농원훈제바베큐
꼬 닭,5,https://img1.kakaocdn.net/cthumb/local/C544x408.q50/?fname=https%3A%2F%2Fpostfiles.pstatic.net%2FMjAyNDA1MDlfMjc5%2FMDAxNzE1MjYxNTcwMzE1.wBlruQ4bkXVxYJ2eB6S-eT917Ncxwj67KTJftV6zQsQg.12-cPD6DvfHZ9OkyOVUtxZ22SOAwNSkyc93ko3PLEhgg.JPEG%2FSE-3921304e-26fb-4e27-8d8f-b432227f44e1.jpg%3Ftype%3Dw773; https://img1.kakaocdn.net/cthumb/local/C264x196.q50/?fname=https%3A%2F%2Fpostfiles.pstatic.net%2FMjAyNDA0MjhfMjIx%2FMDAxNzE0Mjk0NzA5OTMy.CVMMhjVW3FFVW20olVGZawiTpJgtvFLSvfBJvEcLnJcg.SjxDt7ueMC0k1rf9kmPVyCPIRqt0iSubuwLX7_0RAOgg.JPEG%2FKakaoTalk_20240428_173911304_10.jpg%3Ftype%3Dw773; https://img1.kakaocdn.net/cthumb/local/C264x196.q50/?fname=https%3A%2F%2Fpostfiles.pstatic.net%2FMjAyNDA0MjhfOTkg%2FMDAxNzE0Mjk1MDI1NDA5.2pydM9JSQwMZ9jeBAnJ3nFfDD_569YB0O9F1dfCsDb4g.HTGHLcnQZoaqTwpaZ464GmwyY_D8RV8j2XuPDxFcgd0g.JPEG%2FKakaoTalk_20240428_173911304_09.jpg%3Ftype%3Dw773; https://img1.kakaocdn.net/cthumb/local/C264x196.q50/?fname=https%3A%2F%2Fpostfiles.pstatic.net%2FMjAyNDA0MjhfMTIy%2FMDAxNzE0MjkzOTIxMDkz.YLik-uSdrK2FH4exFTlZ2baOGnMuf7gUARQiC9D6aZ8g.5u5a5u3vaoq8DqVpOgT5BeWCBMndherhcIMQPD45_eUg.JPEG%2FSE-6224ca6e-a0cb-4ed1-b9ee-102dc1786408.jpg%3Ftype%3Dw773; https://img1.kakaocdn.net/cthumb/local/C264x196.q50/?fname=https%3A%2F%2Fpostfiles.pstatic.net%2FMjAyNDA0MjhfMjMw%2FMDAxNzE0MjkzOTc3NzM1.pnjCuELuENNUxK3fFmoLLBXQivD15Lv27tgLqgxjvbAg.-FEJ2pKSY5KspTA7LeIT49D0aeMdBHQ_VksTa2LjPDEg.JPEG%2FSE-0a5044bd-b804-443d-a6f4-8fa3c6bc8fb2.jpg%3Ftype%3Dw773,https://place.map.kakao.com/1866456809,꼬닭,,꼬 닭
남산한정식,3.1,https://img1.kakaocdn.net/cthumb/local/C544x408.q50/?fname=http%3A%2F%2Ft1.daumcdn.net%2Flocal%2FkakaomapPhoto%2Freview%2Fcda0ae21f2955d7f61a2f3517bb12ee6f70b6e4f%3Foriginal; https://img1.kakaocdn.net/cthumb/local/C264x196.q50/?fname=https%3A%2F%2Fpostfiles.pstatic.net%2FMjAyMjExMTVfMTQ5%2FMDAxNjY4NDg5NTE2Nzgx.AtqJF2imHzdQctYgGnE8t5MwD053s8DmV1sr5sZrbLYg.oAzhS38GuYJgO-OXjukMHYjL9iqBARTKoJ-jcapL4wsg.JPEG.zeroy94%2F20221001%25EF%25BC%25BF153058.jpg%3Ftype%3Dw966; https://img1.kakaocdn.net/cthumb/local/C264x196.q50/?fname=https%3A%2F%2Fpostfiles.pstatic.net%2FMjAyMjExMDdfMjMg%2FMDAxNjY3Nzk1MDE0MDQ0.ZZxceF24zv1j500UXa7M77mtLpxeQh47pWig_MCFd9kg.HB-_wdpTh2SiT3UFfs6w6QmrWUzF-MLVMyWRLH8Z4DUg.JPEG.happyjjun0000%2FSE-610042af-5dc9-11ed-901d-07f65cbcc4db.jpg%3Ftype%3Dw966; https://img1.kakaocdn.net/cthumb/local/C264x196.q50/?fname=https%3A%2F%2Fpostfiles.pstatic.net%2FMjAyMjExMDdfMjE5%2FMDAxNjY3Nzk1NTU0NDcw.lb24aqcEn4vTEID9ZUZvuLAQFeqnmOZ7PkGaupqk3Hcg.Sf3gjwsiEGxFE2T-5WA01TDwIfOL1ODNXySDm9LVW5Mg.JPEG.happyjjun0000%2FSE-610090db-5dc9-11ed-901d-3bc8176d3d5b.jpg%3Ftype%3Dw966; https://img1.kakaocdn.net/cthumb/local/C264x196.q50/?fname=https%3A%2F%2Fpostfiles.pstatic.net%2FMjAyMjExMDZfMjM0%2FMDAxNjY3NzI0NTM0MzM3.xJxD-PrdLppji2y6ByBd15ZvOBBVqVCrdWKz9u1rqHwg.inAr7_3ejh_hUt7dP84ozYsOZgDTbrdBrPgcjox79asg.JPEG.onedoy%2FSE-6b3af508-71af-4bea-83d8-f409cae8bac4.jpg%3Ftype%3Dw773,https://place.map.kakao.com/1148481405,한국의집,,남산한정식
대한족발 . 보쌈,4.2,https://img1.kakaocdn.net/cthumb/local/C544x408.q50/?fname=http%3A%2F%2Ft1.daumcdn.net%2Flocal%2FkakaomapPhoto%2Freview%2F7fd8a6ba8d67db12eae937c3aeaa6ce7de1f734f%3Foriginal; https://img1.kakaocdn.net/cthumb/local/C264x196.q50/?fname=http%3A%2F%2Ft1.daumcdn.net%2Flocal%2FkakaomapPhoto%2Freview%2F2dd8a369ce3e57c8b85d2ab8512560027b5becc1%3Foriginal; https://img1.kakaocdn.net/cthumb/local/C264x196.q50/?fname=http%3A%2F%2Ft1.daumcdn.net%2Flocal%2FkakaomapPhoto%2Freview%2F14166d65c46e5ef76cf80f23cb15481da9c70c63%3Foriginal; https://img1.kakaocdn.net/cthumb/local/C264x196.q50/?fname=http%3A%2F%2Ft1.daumcdn.net%2Flocal%2FkakaomapPhoto%2Freview%2Fd08981faaf8dc05bce0ea0dc360f0e82dbf52409%3Foriginal; https://img1.kakaocdn.net/cthumb/local/C264x196.q50/?fname=http%3A%2F%2Ft1.daumcdn.net%2Flocal%2FkakaomapPhoto%2Freview%2F23394aec92185efb8a1a5fc6a2fb5a206156af17%3Foriginal,https://place.map.kakao.com/1622206451,대한족발보쌈 합정본점,서울특별시 마포구 양화로6길 53,대한족발 . 보쌈
댓잎갈비,0,없음,,댓잎갈비,서울특별시 용산구 보광로 1,댓잎갈비
돌판장 주식회사,장소 없음,없음,없음,없음,서울특별시 용산구 한강대로53길 24,돌판장 주식회사
라쿠치나(주)세부유통,4.2,https://img1.kakaocdn.net/cthumb/local/C544x408.q50/?fname=http%3A%2F%2Ft1.daumcdn.net%2Flocal%2FkakaomapPhoto%2Freview%2F6a436ead3713a50af61442da7c092c8329ca14ed%3Foriginal; https://img1.kakaocdn.net/cthumb/local/C264x196.q50/?fname=http%3A%2F%2Ft1.daumcdn.net%2Flocal%2FkakaomapPhoto%2Freview%2F631d561a7dc34ec973e5d51d226a24528a0d88b2%3Foriginal; https://img1.kakaocdn.net/cthumb/local/C264x196.q50/?fname=http%3A%2F%2Ft1.daumcdn.net%2Flocal%2FkakaomapPhoto%2Freview%2F95b61ec89dcfa5b06f0a24e41c19ef50fd0a9eff%3Foriginal; https://img1.kakaocdn.net/cthumb/local/C264x196.q50/?fname=http%3A%2F%2Ft1.daumcdn.net%2Flocal%2FkakaomapPhoto%2Freview%2F496c8870555b206f99127f4e9563e731bce41933%3Foriginal; https://img1.kakaocdn.net/cthumb/local/C264x196.q50/?fname=http%3A%2F%2Ft1.daumcdn.net%2Flocal%2FkakaomapPhoto%2Freview%2F82dd849a801e1b3757d28f8cfd2aa2b0d2c8fd7d%3Foriginal,https://place.map.kakao.com/7849814,라쿠치나,서울특별시 용산구 회나무로44길 10,라쿠치나(주)세부유통
루트(루트에브리데이),3.6,https://img1.kakaocdn.net/cthumb/local/C544x408.q50/?fname=http%3A%2F%2Ft1.daumcdn.net%2Flocal%2FkakaomapPhoto%2Freview%2F94494af6acc1f6c510f732eb384aa365df357783%3Foriginal; https://img1.kakaocdn.net/cthumb/local/C264x196.q50/?fname=http%3A%2F%2Ft1.daumcdn.net%2Flocal%2FkakaomapPhoto%2Freview%2F8f5c9f7bc59d4c997221ea3453908e1ad757f72d%3Foriginal; https://img1.kakaocdn.net/cthumb/local/C264x196.q50/?fname=http%3A%2F%2Ft1.daumcdn.net%2Flocal%2FkakaomapPhoto%2Freview%2F9d5b02dd843f61c2559ecef003433d5bc725d977%3Foriginal; https://img1.kakaocdn.net/cthumb/local/C264x196.q50/?fname=http%3A%2F%2Ft1.daumcdn.net%2Flocal%2FkakaomapPhoto%2Freview%2Fe9f89022967f43eda1f3199a0f732357b5720ffd%3Foriginal; https://img1.kakaocdn.net/cthumb/local/C264x196.q50/?fname=http%3A%2F%2Ft1.daumcdn.net%2Flocal%2FkakaomapPhoto%2Freview%2F4b51365491b71a8dd41f187ee648d0225a128925%3Foriginal,https://place.map.kakao.com/82608069,루트에브리데이 한남점,서울특별시 용산구 이태원로55가길 26-4,루트(루트에브리데이)
마포나루(1호점),4.1,https://img1.kakaocdn.net/cthumb/local/C544x408.q50/?fname=http%3A%2F%2Ft1.daumcdn.net%2Flocal%2FkakaomapPhoto%2Freview%2F608c1423a56de88ee6cc196a9f7a01d5ca309b42%3Foriginal; https://img1.kakaocdn.net/cthumb/local/C264x196.q50/?fname=http%3A%2F%2Ft1.daumcdn.net%2Flocal%2FkakaomapPhoto%2Freview%2Fda69c73513193f8e76df1f9482016bfda28843fc%3Foriginal; https://img1.kakaocdn.net/cthumb/local/C264x196.q50/?fname=http%3A%2F%2Ft1.daumcdn.net%2Flocal%2FkakaomapPhoto%2Freview%2F838580192a894f769265a6df1c8dc354cefcbf84%3Foriginal; https://img1.kakaocdn.net/cthumb/local/C264x196.q50/?fname=https%3A%2F%2Ft1.daumcdn.net%2Flocal%2Freview_placeapp%2FbtqrBPsewsx_jApbgk8X5gMPUskTvRTQQ0_img.jpg; https://img1.kakaocdn.net/cthumb/local/C264x196.q50/?fname=https%3A%2F%2Fpostfiles.pstatic.net%2FMjAyNTAzMjhfMjQ4%2FMDAxNzQzMTUzOTMwMzM2.03-fuvWYl-vGbK509WDVhanmp2squZcv6INEzBq3Pk0g.r197-dcJq5cZLV4V8aDGyshokMNJMwbHUMhAaR_51vgg.JPEG%2FSE-e4b782ff-fc11-11ef-8b26-03d43b5bcad6.jpg%3Ftype%3Dw966,https://place.map.kakao.com/8348040,마포나루 아크로점,서울특별시 마포구 마포대로 68,마포나루(1호점)
마포옥하우스,,https://img1.kakaocdn.net/cthumb/local/C544x408.q50/?fname=http%3A%2F%2Ft1.kakaocdn.net%2Fmystore%2F066325F5E55645E18A3FA674DED6E742; https://img1.kakaocdn.net/cthumb/local/C264x196.q50/?fname=https%3A%2F%2Fpostfiles.pstatic.net%2FMjAyNTAyMThfMTA1%2FMDAxNzM5ODM3NjU4NTI5.9bWl5rH4JntQJmQRfjXyDQsRlmNnPlRuCu8sn7svU9Eg.hq9BAl6oCVTmPUKrsCzghRdoTVOfKuU1abqvry9K8Hog.JPEG%2FIMG_2038.jpg%3Ftype%3Dw466; https://img1.kakaocdn.net/cthumb/local/C264x196.q50/?fname=https%3A%2F%2Fpostfiles.pstatic.net%2FMjAyNTAyMThfMjM4%2FMDAxNzM5ODM3NjU5MTU0.ogUtGKXgWmhsbs6gzalIw0W1EMfLpn_Htmb6O_R-Z8Ig.mseCiUFTRuLSe-wGJq5Ap1JXX_Vf1rk64anPzAKj0H0g.JPEG%2FIMG_2054.jpg%3Ftype%3Dw966; https://img1.kakaocdn.net/cthumb/local/C264x196.q50/?fname=https%3A%2F%2Fpostfiles.pstatic.net%2FMjAyNTAzMDVfMTQ5%2FMDAxNzQxMTc1NDQ4NTM0.CmO37glhzgZoP_DbRwrbMxkSJPCt6m3Ma_Rn7-LjK-Ug.dOO0olsAy5gu4JI1i_jxsBxOmDgtE-hnXHJW7d3LIAMg.JPEG%2FIMG_8732.jpeg%3Ftype%3Dw466; https://img1.kakaocdn.net/cthumb/local/C264x196.q50/?fname=https%3A%2F%2Fpostfiles.pstatic.net%2FMjAyNTAzMDVfMjQw%2FMDAxNzQxMTc1NDQ3MjMy.KjB6zs1lXpCwmFRN29SCKWdE1pT4NvWJ6rwl8nTd2lAg.vPQjlts4D-2Mpn370mauNd7-07WybIgoaHjrcoKbaccg.JPEG%2FIMG_8733.jpeg%3Ftype%3Dw466,https://place.map.kakao.com/10344284,마포옥,서울특별시 마포구 토정로 312,마포옥하우스
마포진짜원조최대포집,,https://img1.kakaocdn.net/cthumb/local/C544x408.q50/?fname=http%3A%2F%2Ft1.kakaocdn.net%2Fmystore%2F59879E24B59A4173A3FF8B70A9E23261; https://img1.kakaocdn.net/cthumb/local/C264x196.q50/?fname=http%3A%2F%2Ft1.kakaocdn.net%2Fmystore%2F3B6F6D4A4B0041729DA17888E66C0ACB; https://img1.kakaocdn.net/cthumb/local/C264x196.q50/?fname=http%3A%2F%2Ft1.kakaocdn.net%2Fmystore%2F17B650950E0245BEAA9769C286E2B526; https://img1.kakaocdn.net/cthumb/local/C264x196.q50/?fname=http%3A%2F%2Ft1.kakaocdn.net%2Fmystore%2F15F91434984C4011B19F482C53964CC0; https://img1.kakaocdn.net/cthumb/local/C264x196.q50/?fname=https%3A%2F%2Fpostfiles.pstatic.net%2FMjAyNTA0MDJfMTk5%2FMDAxNzQzNTM0NDcxMzMx.xkb0DacVbhkXYF-kfc9xMlTwXbzQeF7PgTo0l6zfUyQg.i3qaa2zaM1tcPixLZ8WPRlcxa5Fg8hy_0Ugd-vfgLeAg.JPEG%2FSE-07ab0603-a9f8-4d49-bcf8-dfac9c047b19.jpg%3Ftype%3Dw386,https://place.map.kakao.com/14615423,마포진짜원조최대포 본점,서울특별시 마포구 만리재로1길 3,마포진짜원조최대포집
바다애(愛),,https://img1.kakaocdn.net/cthumb/local/C544x408.q50/?fname=http%3A%2F%2Ft1.daumcdn.net%2Flocalfiy%2F66634AA89F0E4156AA9EC96C960AEDA5; https://img1.kakaocdn.net/cthumb/local/C264x196.q50/?fname=http%3A%2F%2Ft1.kakaocdn.net%2Fmystore%2F2B61E76221024C228ACFDCB175BFF8CF; https://img1.kakaocdn.net/cthumb/local/C264x196.q50/?fname=http%3A%2F%2Ft1.daumcdn.net%2Flocalfiy%2FC9CC99FDB9BB45CE96DA146BE0CC2708; https://img1.kakaocdn.net/cthumb/local/C264x196.q50/?fname=http%3A%2F%2Ft1.kakaocdn.net%2Fmystore%2FFD5F98530C234B5998238A39C1F3F686; https://img1.kakaocdn.net/cthumb/local/C264x196.q50/?fname=http%3A%2F%2Ft1.kakaocdn.net%2Fmystore%2F54004FCC90164E8A840DAEF41EA0CAD5,https://place.map.kakao.com/1409310513,바다애,서울특별시 마포구 동교로18길 4,바다애(愛)
보스라멘,장소 없음,없음,없음,없음,서울특별시 용산구 청파로 74,보스라멘
본죽(도화점),3.2,https://img1.kakaocdn.net/cthumb/local/C544x408.q50/?fname=https%3A%2F%2Fpostfiles.pstatic.net%2FMjAyNTAzMjJfMTk2%2FMDAxNzQyNTczMzMxNzg2.WrUID2YOSKR27B49fu3Kx_8NSJlGfg6uoNCVrPaBOX4g.XMoXzivXC9AXguhgxEZxW3_USs64c120O6eRX4X0gV4g.JPEG%2FSE-6087C4A1-F02E-423F-B989-2128897C7583.jpg%3Ftype%3Dw386; https://img1.kakaocdn.net/cthumb/local/C264x196.q50/?fname=https%3A%2F%2Fpostfiles.pstatic.net%2FMjAyNTAzMjJfMjMx%2FMDAxNzQyNTcwNjk3MTIw.qhs6DaYSFQWFADwtFrARuFw9TFM7J91Go0qhoSVn08Eg.TskyHYGVGt42Wf2GCiYIiDg1vJcYS0cRrg191yjCkpIg.JPEG%2FIMG_0037.jpg%3Ftype%3Dw386; https://img1.kakaocdn.net/cthumb/local/C264x196.q50/?fname=https%3A%2F%2Fpostfiles.pstatic.net%2FMjAyNTAzMjJfMTgw%2FMDAxNzQyNTcwNjk3MTU2.6hHDDvgMA62NcFmuAyo_h5oWX2lmvRAbKoHf3kqfEvkg.sBAKhQw9clPXjtH29KKB4SxNjciyTYF41JQXiXFzUswg.JPEG%2FIMG_0034.jpg%3Ftype%3Dw386; https://img1.kakaocdn.net/cthumb/local/C264x196.q50/?fname=https%3A%2F%2Fpostfiles.pstatic.net%2FMjAyNTAzMjJfMjkz%2FMDAxNzQyNTcwNjk3MDg4.vk37W6fxM7JWKRLp2wM1cDpni8DUf_-bbdAy9Gp-kWEg.dex1w7sgQ9kVRmgasuomo5xjrYm7WEUu_KIAiyU7CEYg.JPEG%2FIMG_0033.jpg%3Ftype%3Dw386; https://img1.kakaocdn.net/cthumb/local/C264x196.q50/?fname=https%3A%2F%2Fpostfiles.pstatic.net%2FMjAyNTAzMjJfNDQg%2FMDAxNzQyNTcwNjk3MTUx.7KejrxrN-jfqctBgsT3kcgn5tsCLUgx9ap8mri25g6wg.RRjpu5mZmhVjsi8TNsGggEuPxN_-Mgv9j-8ngJ7EmRog.JPEG%2FIMG_0035.jpg%3Ftype%3Dw386,https://place.map.kakao.com/11059794,본죽 마포도화점,서울특별시 마포구 도화길 43,본죽(도화점)
불광설 주식회사,장소 없음,없음,없음,없음,서울특별시 마포구 양화로15길 12,불광설 주식회사
불꾼,5,https://img1.kakaocdn.net/cthumb/local/C544x408.q50/?fname=http%3A%2F%2Ft1.daumcdn.net%2Flocal%2FkakaomapPhoto%2Freview%2F777f3343f4a3ed7a7b2338c5255ddb8666e0fbb1%3Foriginal; https://img1.kakaocdn.net/cthumb/local/C264x196.q50/?fname=http%3A%2F%2Ft1.daumcdn.net%2Fplace%2F31D84C8ED2CA42ECA53A990A40E0AB79; https://img1.kakaocdn.net/cthumb/local/C264x196.q50/?fname=http%3A%2F%2Ft1.daumcdn.net%2Fplace%2F16D1EF5DA0084F46A97D3868B9075C59; https://img1.kakaocdn.net/cthumb/local/C264x196.q50/?fname=http%3A%2F%2Ft1.daumcdn.net%2Fplace%2F9DFAFCCB53014E3185F30FBFCAAD0AF1; https://img1.kakaocdn.net/cthumb/local/C264x196.q50/?fname=http%3A%2F%2Ft1.daumcdn.net%2Fplace%2F71F9DC41A9684A35A1E818F13615AA5E,https://place.map.kakao.com/876668440,불꾼,,불꾼
비비리2,,https://img1.kakaocdn.net/cthumb/local/C544x408.q50/?fname=http%3A%2F%2Ft1.kakaocdn.net%2Fmystore%2F8E198329F3F047DC8CFCE606AD61659B; https://img1.kakaocdn.net/cthumb/local/C264x196.q50/?fname=http%3A%2F%2Ft1.kakaocdn.net%2Ffiy_reboot%2Fplace%2F8ADF183B512B4A4D8DDE9B16191C9F28; https://img1.kakaocdn.net/cthumb/local/C264x196.q50/?fname=https%3A%2F%2Fpostfiles.pstatic.net%2FMjAyNTAzMTVfMjcy%2FMDAxNzQyMDIzODAwMDYz.iLBcvbfTs2Clxb9K3Xlh670tu95GEpJF7EnwNmEXjsgg.YDrUjo9MYV4tX6LysvA2w4RCcsl26eTAC2zY0kCPKZ4g.JPEG%2F3472596584977064780%3A8577813.jpg%3Ftype%3Dw966; https://img1.kakaocdn.net/cthumb/local/C264x196.q50/?fname=https%3A%2F%2Fpostfiles.pstatic.net%2FMjAyNTAzMTVfMzEg%2FMDAxNzQyMDIzNzcxMzc1.xHcmt7prbSusP49H4WWCSsxWExI0Ees8F6jGigRlrn4g.SrolGznT3mRO6wPQ4fYafzqnr2FkO3K2MDjBZiozVekg.JPEG%2F3472596584976625740%3A8577813.jpg%3Ftype%3Dw966; https://img1.kakaocdn.net/cthumb/local/C264x196.q50/?fname=https%3A%2F%2Fpostfiles.pstatic.net%2FMjAyNTAzMzBfMTQx%2FMDAxNzQzMzIxMDgzNDQ3.iE-lZm_GYcttbTzLCJay0PSauUGvWm7CGd1tJIhPkXcg.1LieSuKqoiYiBr26LTOTHG5bKAlyBTlmJYJKFIbnJqUg.JPEG%2FSE-0178D57F-185A-4154-B3C1-C277D340216D.jpg%3Ftype%3Dw966,https://place.map.kakao.com/27588655,비비리 2호점,서울특별시 마포구 와우산로23길 48,비비리2
상암일미락,3.6,https://img1.kakaocdn.net/cthumb/local/C544x408.q50/?fname=http%3A%2F%2Ft1.daumcdn.net%2Flocal%2FkakaomapPhoto%2Freview%2Fdca8b46dcde49f87b782a0c400256dc51b37ffe4%3Foriginal; https://img1.kakaocdn.net/cthumb/local/C264x196.q50/?fname=http%3A%2F%2Ft1.daumcdn.net%2Flocal%2FkakaomapPhoto%2Freview%2F43b5c6e6f69f49f20c6996c9cd3c8aee80b6b200%3Foriginal; https://img1.kakaocdn.net/cthumb/local/C264x196.q50/?fname=http%3A%2F%2Ft1.daumcdn.net%2Flocal%2FkakaomapPhoto%2Freview%2Fb3062c60c7dc3683908916d8fc4da67cabb3cd90%3Foriginal; https://img1.kakaocdn.net/cthumb/local/C264x196.q50/?fname=http%3A%2F%2Ft1.daumcdn.net%2Flocal%2FkakaomapPhoto%2Freview%2Fba61fd567ce362455f75022be764281cb3e859e4%3Foriginal; https://img1.kakaocdn.net/cthumb/local/C264x196.q50/?fname=http%3A%2F%2Ft1.daumcdn.net%2Flocal%2FkakaomapPhoto%2Freview%2F56b1ce4c4944f9ecbf62a83f46616efea45ef59f%3Foriginal,https://place.map.kakao.com/26563357,일미락상암점,서울특별시 마포구 성암로13길 40,상암일미락
색동저고리마포점,3,https://img1.kakaocdn.net/cthumb/local/C544x408.q50/?fname=http%3A%2F%2Ft1.daumcdn.net%2Flocal%2FkakaomapPhoto%2Freview%2F2b7a7cccb6554f014de30c2fa44fd87b3c160781%3Foriginal; https://img1.kakaocdn.net/cthumb/local/C264x196.q50/?fname=https%3A%2F%2Fpostfiles.pstatic.net%2FMjAyNTAzMjBfNjMg%2FMDAxNzQyNDA1MTAwMjA4.mEOSXDKQ2pMKjGYpEkfkMazKlEL_ZtJuvnDkkNBU1RYg.6Km5VAhAwmPhir3FbOhmwAE7s2OV8DX3VntWjXm5oYUg.JPEG%2FIMG_2867.jpg%3Ftype%3Dw773; https://img1.kakaocdn.net/cthumb/local/C264x196.q50/?fname=https%3A%2F%2Fpostfiles.pstatic.net%2FMjAyNTAzMjBfMjA4%2FMDAxNzQyNDA1MTAwMTA5.CebhuRJ9t1FSKLss-cm8xOUowA9gs0UKoHk9Q3fGZmQg.-O7-ygz73RpoLwQDUc5QTUMelkTFzBTQQdmJPCyMSisg.JPEG%2FIMG_2878.jpg%3Ftype%3Dw773; https://img1.kakaocdn.net/cthumb/local/C264x196.q50/?fname=https%3A%2F%2Fpostfiles.pstatic.net%2FMjAyNTAzMjBfMjgz%2FMDAxNzQyNDA1MTAwODYz.d1z53hZsGFtyR82i_QVDcaRHCnkIs1862ixZTKCjTsUg.a7IfnQS7WyoL91AEDq6tvCH3nTPn9jmReZM7M5qF1lYg.JPEG%2FIMG_2860.jpg%3Ftype%3Dw773; https://img1.kakaocdn.net/cthumb/local/C264x196.q50/?fname=https%3A%2F%2Fpostfiles.pstatic.net%2FMjAyNTAzMjBfMjM1%2FMDAxNzQyNDA1MTAwOTE5.n0Phoq2FORqbL8U8uiUgER9tOEsn300JlCvS6f3Vzmcg.kVpZBvCxWX1JxS1jsAvILrRMHC-zjhQOUtX12Ac_Eccg.JPEG%2FIMG_2862.jpg%3Ftype%3Dw773; https://img1.kakaocdn.net/cthumb/local/C176x208.q50/?fname=https%3A%2F%2Ft1.kakaocdn.net%2Fone%2Fprod%2Fproduct%2Fticket%2F61%2F868517%2F5391002ae37a5e5d62486c2859eb132e279118COVER.png,https://place.map.kakao.com/18582704,색동저고리나들이,서울특별시 마포구 도화길 27,색동저고리마포점
서울고깃집,4.7,https://img1.kakaocdn.net/cthumb/local/C544x408.q50/?fname=http%3A%2F%2Ft1.kakaocdn.net%2Fmystore%2F4FB494AA743547C38520EE2C9058016A; https://img1.kakaocdn.net/cthumb/local/C264x196.q50/?fname=http%3A%2F%2Ft1.daumcdn.net%2Flocal%2FkakaomapPhoto%2Freview%2Fdc872f52ab8530e7a0f58ddf6a9e0c18425bed43%3Foriginal; https://img1.kakaocdn.net/cthumb/local/C264x196.q50/?fname=http%3A%2F%2Ft1.daumcdn.net%2Flocal%2FkakaomapPhoto%2Freview%2Fc5011e3a945721c809d1627daeb3fc960c26531b%3Foriginal; https://img1.kakaocdn.net/cthumb/local/C264x196.q50/?fname=http%3A%2F%2Ft1.daumcdn.net%2Flocal%2FkakaomapPhoto%2Freview%2F35428dfb6541aacc3e35c7a250497fa2f1f40f28%3Foriginal; https://img1.kakaocdn.net/cthumb/local/C264x196.q50/?fname=http%3A%2F%2Ft1.daumcdn.net%2Flocal%2FkakaomapPhoto%2Freview%2F2345394a0b47c2af29afa0048563b6737762eed2%3Foriginal,https://place.map.kakao.com/1306201227,서울고깃집,,서울고깃집
석양집,3.2,https://img1.kakaocdn.net/cthumb/local/C544x408.q50/?fname=https%3A%2F%2Fpostfiles.pstatic.net%2FMjAyNDAyMTJfODAg%2FMDAxNzA3NzI3MzI0NDE2.lzBx2DpQYZggBLOIM3HvpgQ9ndnGHXKhptedYNHWTVQg.MTgEk4mP5flaW5s9nLTvZP52TqOxfCp1zB2bGmx1IWkg.JPEG.wonjun0414%2FKakaoTalk_20240212_171901935_11.jpg%3Ftype%3Dw773; https://img1.kakaocdn.net/cthumb/local/C264x196.q50/?fname=https%3A%2F%2Fpostfiles.pstatic.net%2FMjAyNDAyMTJfMTgx%2FMDAxNzA3NzM1MDM0MjE0.iV7LrsQhUi_GMIsijamcY7Esa7qvuiUHbW_JR2KQ7AUg.Aq2uC6gQ4fq7avul96vUkO4-sNhNM0HHRaXnoEOLEVsg.JPEG.wonjun0414%2FIMG_4613.jpg%3Ftype%3Dw773; https://img1.kakaocdn.net/cthumb/local/C264x196.q50/?fname=https%3A%2F%2Fpostfiles.pstatic.net%2FMjAyNDAyMTJfMjI0%2FMDAxNzA3NzI3MzIzNTQ0.DvoLipzNQaXFNV3QaAnZA985rJpk1lbo_8EQN9kzFe0g.L0jY8qV5aVj6wte3MMHWQ0zMlVpK0ow0HrlISsKeyeIg.JPEG.wonjun0414%2FKakaoTalk_20240212_171901935_10.jpg%3Ftype%3Dw773; https://img1.kakaocdn.net/cthumb/local/C264x196.q50/?fname=https%3A%2F%2Fpostfiles.pstatic.net%2FMjAyNDAyMTJfMTE3%2FMDAxNzA3NzI2NjgzNDk3.ZoTpsYFGcLlotm9QCoYbkbGwlzzHBmomPAIlPs7VYWog.-xcInIgL_OxsK6Na_-UfyUDPhcd296L1GyDpG5O_dxsg.JPEG.wonjun0414%2FKakaoTalk_20240212_171901935.jpg%3Ftype%3Dw773; https://img1.kakaocdn.net/cthumb/local/C264x196.q50/?fname=https%3A%2F%2Fpostfiles.pstatic.net%2FMjAyNDAyMTJfNTEg%2FMDAxNzA3NzI3MzI0NDE2.g0gzj6EKp87o96YZzv9XiEFF0dKWYRbmoRSi791FBs8g.foxofM9J0jhjfmimd5SlNLH78F8gKFUVtzSINPqU2MUg.JPEG.wonjun0414%2FKakaoTalk_20240212_171901935_12.jpg%3Ftype%3Dw773,https://place.map.kakao.com/12447398,석양집,서울특별시 마포구 토정로37길 9,석양집
시골보쌈앤감자옹심이,4,https://img1.kakaocdn.net/cthumb/local/C544x408.q50/?fname=http%3A%2F%2Ft1.daumcdn.net%2Flocal%2FkakaomapPhoto%2Freview%2F85e93afbb3dd3b69f5cb7dce77336bcf5b2deebd%3Foriginal; https://img1.kakaocdn.net/cthumb/local/C264x196.q50/?fname=http%3A%2F%2Ft1.daumcdn.net%2Flocal%2FkakaomapPhoto%2Freview%2Fd997df77dbc7e7c5da1cc0972c6bf1f3c817df0e%3Foriginal; https://img1.kakaocdn.net/cthumb/local/C264x196.q50/?fname=http%3A%2F%2Ft1.daumcdn.net%2Flocal%2FkakaomapPhoto%2Freview%2F9f8ee365a376941599b6673dbea0de6d68cf5525%3Foriginal; https://img1.kakaocdn.net/cthumb/local/C264x196.q50/?fname=https%3A%2F%2Fpostfiles.pstatic.net%2FMjAyNTAyMDFfMjg4%2FMDAxNzM4Mzc3NTMxODU2.Z4-u1xtEovcyxpQiUchwpwFRb3kKNBnQ4hFAoMeChY4g.3vO7I2xZ-1gDgqwbD1LqvEWUMCY4BhFaz52dB-7furog.JPEG%2F900%25EF%25BC%25BF20250124%25EF%25BC%25BF193641.jpg%3Ftype%3Dw773; https://img1.kakaocdn.net/cthumb/local/C264x196.q50/?fname=https%3A%2F%2Fpostfiles.pstatic.net%2FMjAyNTAyMDFfOTgg%2FMDAxNzM4Mzc3NTM0MTY4.rbvW8HyY3up1inrzoFg3oiaaRrPmpKSUHIB8F5wTFVEg.qqe9cSylVpI-PdQ0pybSlEAjezVf-ZMOzBAhw_SBLjMg.JPEG%2F900%25EF%25BC%25BF20250124%25EF%25BC%25BF194314.jpg%3Ftype%3Dw773,https://place.map.kakao.com/495667742,바른식시골보쌈&감자옹심이 교대점,,시골보쌈앤감자옹심이
신가네 수레순대 뒷고기,장소 없음,없음,없음,없음,서울특별시 마포구 마포대로8길 25,신가네 수레순대 뒷고기
신머이베트남쌀국수 본점,3.9,https://img1.kakaocdn.net/cthumb/local/C544x408.q50/?fname=http%3A%2F%2Ft1.daumcdn.net%2Flocal%2FkakaomapPhoto%2Freview%2Fc683c4ef8ee6f2f56fb227a2089ec5d31b87bdb4%3Foriginal; https://img1.kakaocdn.net/cthumb/local/C264x196.q50/?fname=http%3A%2F%2Ft1.daumcdn.net%2Flocal%2FkakaomapPhoto%2Freview%2F31ed4d77ccecaebc26afa4aa82a401bb0e0ef499%3Foriginal; https://img1.kakaocdn.net/cthumb/local/C264x196.q50/?fname=http%3A%2F%2Ft1.daumcdn.net%2Flocal%2FkakaomapPhoto%2Freview%2F6966560257c0440cc88e93ee96c3febf57e83e80%3Foriginal; https://img1.kakaocdn.net/cthumb/local/C264x196.q50/?fname=http%3A%2F%2Ft1.daumcdn.net%2Flocal%2FkakaomapPhoto%2Freview%2F661b528c5ca7cdac2fae35b663d1b29d368c1530%3Foriginal; https://img1.kakaocdn.net/cthumb/local/C264x196.q50/?fname=http%3A%2F%2Ft1.daumcdn.net%2Flocal%2FkakaomapPhoto%2Freview%2F6388177e864d8010b54c4a8612e65721791a1e2c%3Foriginal,https://place.map.kakao.com/1818032899,신머이쌀국수 본점,서울특별시 용산구 청파로45길 9,신머이베트남쌀국수 본점
씨제이푸드빌(주)더플레이스다이닝&BBIS,장소 없음,없음,없음,없음,서울특별시 용산구 남산공원길 126,씨제이푸드빌(주)더플레이스다이닝&BBIS
씨제이푸드빌(주)엔그릴,4.1,https://img1.kakaocdn.net/cthumb/local/C544x408.q50/?fname=http%3A%2F%2Ft1.kakaocdn.net%2Fmystore%2F20020AF6ED6B41EC93CA9CE6F5A4F782; https://img1.kakaocdn.net/cthumb/local/C264x196.q50/?fname=http%3A%2F%2Ft1.kakaocdn.net%2Fmystore%2F3FD7BD1CEC634E82889B10B5A0EDCF92; https://img1.kakaocdn.net/cthumb/local/C264x196.q50/?fname=http%3A%2F%2Ft1.kakaocdn.net%2Fmystore%2F05DEA5C2E4C54F0FBE58F89CD050C74D; https://img1.kakaocdn.net/cthumb/local/C264x196.q50/?fname=http%3A%2F%2Ft1.kakaocdn.net%2Fmystore%2F07617AFC29DF4888A1152539DABFC16D; https://img1.kakaocdn.net/cthumb/local/C264x196.q50/?fname=http%3A%2F%2Ft1.kakaocdn.net%2Fmystore%2F4E93060E57504C55A81885FC64991787; https://img1.kakaocdn.net/cthumb/local/C176x208.q50/?fname=https%3A%2F%2Ft1.kakaocdn.net%2Fone%2Fprod%2Fproduct%2Fticket%2F78%2F881434%2F8f39172274184e5347242d7eeee6620c872604COVER.png; https://img1.kakaocdn.net/cthumb/local/C176x208.q50/?fname=https%3A%2F%2Ft1.kakaocdn.net%2Fone%2Fprod%2Fproduct%2Fticket%2F79%2F881435%2Fe7fb91b234f97239c4c04d24b2b0f887327190COVER.png; https://img1.kakaocdn.net/cthumb/local/C176x208.q50/?fname=https%3A%2F%2Ft1.kakaocdn.net%2Fone%2Fprod%2Fproduct%2Fticket%2F57%2F1074913%2F08bf0ac38d87dc4797a005977138063b352831COVER.png,https://place.map.kakao.com/8057633,엔그릴,서울특별시 용산구 남산공원길 126,씨제이푸드빌(주)엔그릴
씨제이푸드빌(주)한쿡,3.4,https://img1.kakaocdn.net/cthumb/local/C544x408.q50/?fname=http%3A%2F%2Ft1.daumcdn.net%2Flocal%2FkakaomapPhoto%2Freview%2F5a39aaeabf8a40bb9ff6450b53d134e09e6554b1%3Foriginal; https://img1.kakaocdn.net/cthumb/local/C264x196.q50/?fname=http%3A%2F%2Ft1.daumcdn.net%2Flocal%2FkakaomapPhoto%2Freview%2Fc5dfeb818ad3300a35951e53f8b84bd68aedcead%3Foriginal; https://img1.kakaocdn.net/cthumb/local/C264x196.q50/?fname=http%3A%2F%2Ft1.daumcdn.net%2Flocal%2FkakaomapPhoto%2Freview%2Fa84eebc50370359fb4973815a53fd542f5bba47e%3Foriginal; https://img1.kakaocdn.net/cthumb/local/C264x196.q50/?fname=http%3A%2F%2Ft1.daumcdn.net%2Flocal%2FkakaomapPhoto%2Freview%2F9ad017f1b26da9ebcdf77a30298328ac8946a180%3Foriginal; https://img1.kakaocdn.net/cthumb/local/C264x196.q50/?fname=http%3A%2F%2Ft1.daumcdn.net%2Flocal%2FkakaomapPhoto%2Freview%2Faa3df508fe40809ccf017a4feeaff023a264e67a%3Foriginal,https://place.map.kakao.com/16851604,한쿡 N서울타워점,서울특별시 용산구 남산공원길 126,씨제이푸드빌(주)한쿡
아노브 연남,4.1,https://img1.kakaocdn.net/cthumb/local/C544x408.q50/?fname=http%3A%2F%2Ft1.kakaocdn.net%2Fmystore%2F9DAB8790A81140958D6799FCE4010CF6; https://img1.kakaocdn.net/cthumb/local/C264x196.q50/?fname=http%3A%2F%2Ft1.kakaocdn.net%2Fmystore%2FC127B63490DE4E9A86BA5F7C183E33BC; https://img1.kakaocdn.net/cthumb/local/C264x196.q50/?fname=http%3A%2F%2Ft1.kakaocdn.net%2Fmystore%2F7C53102CF7D041C4B657960558DACD71; https://img1.kakaocdn.net/cthumb/local/C264x196.q50/?fname=http%3A%2F%2Ft1.kakaocdn.net%2Fmystore%2F9E977966415C4336A6AED7B6755C693A; https://img1.kakaocdn.net/cthumb/local/C264x196.q50/?fname=http%3A%2F%2Ft1.kakaocdn.net%2Fmystore%2FBD7870F206BA4FA9A794984D0FD00EF7,https://place.map.kakao.com/1485788869,아노브피자 연남점,서울특별시 마포구 동교로 267,아노브 연남
아이오유(I.O.U),3.7,https://img1.kakaocdn.net/cthumb/local/C544x408.q50/?fname=http%3A%2F%2Ft1.kakaocdn.net%2Ffiy_reboot%2Fplace%2F0DA3A707F82743B280EACAF7C5CF9308; https://img1.kakaocdn.net/cthumb/local/C264x196.q50/?fname=http%3A%2F%2Ft1.kakaocdn.net%2Ffiy_reboot%2Fplace%2F66D41E2BEC3543C6BB6EF17ACC7A088E; https://img1.kakaocdn.net/cthumb/local/C264x196.q50/?fname=http%3A%2F%2Ft1.kakaocdn.net%2Ffiy_reboot%2Fplace%2F51483A7B50504445A2B44A3F97CEE4A7; https://img1.kakaocdn.net/cthumb/local/C264x196.q50/?fname=http%3A%2F%2Ft1.kakaocdn.net%2Ffiy_reboot%2Fplace%2F212203EF7C464DD2B6AC8BB792A6C882; https://img1.kakaocdn.net/cthumb/local/C264x196.q50/?fname=http%3A%2F%2Ft1.kakaocdn.net%2Ffiy_reboot%2Fplace%2F6FB6C367052D4800915590943D204E5A,https://place.map.kakao.com/8021209,아이오유,서울특별시 용산구 원효로1길 16,아이오유(I.O.U)
어제그쭈꾸미.jib,4.3,https://img1.kakaocdn.net/cthumb/local/C544x408.q50/?fname=http%3A%2F%2Ft1.kakaocdn.net%2Fmystore%2F486773D85D29460098F37FE1EA416961; https://img1.kakaocdn.net/cthumb/local/C264x196.q50/?fname=http%3A%2F%2Ft1.kakaocdn.net%2Fmystore%2F89E1890A71F448C4AFC1222B927793E1; https://img1.kakaocdn.net/cthumb/local/C264x196.q50/?fname=http%3A%2F%2Ft1.kakaocdn.net%2Fmystore%2F4F768412A8174422B4377411A9D59CBC; https://img1.kakaocdn.net/cthumb/local/C264x196.q50/?fname=http%3A%2F%2Ft1.daumcdn.net%2Flocal%2FkakaomapPhoto%2Freview%2Fa73f4493142e668fa861cb93fe763fccd1451f10%3Foriginal; https://img1.kakaocdn.net/cthumb/local/C264x196.q50/?fname=http%3A%2F%2Ft1.daumcdn.net%2Flocal%2FkakaomapPhoto%2Freview%2F965a3cb8e24c5c4c8cac3063cc5dcf67b66b7508%3Foriginal,https://place.map.kakao.com/17032544,어제그쭈꾸미 jib,서울특별시 마포구 매봉산로2길 69,어제그쭈꾸미.jib
역전회관일구이구,장소 없음,없음,없음,없음,서울특별시 마포구 토정로37길 47,역전회관일구이구
영동숯불집,0,https://img1.kakaocdn.net/cthumb/local/C544x408.q50/?fname=https%3A%2F%2Fpostfiles.pstatic.net%2FMjAyNTAzMjFfMjcw%2FMDAxNzQyNTQwNTk4ODk3.6djHw6GhyQvij5k58i5oyThprZRyJ-zvFHw3SpRcW90g.sO76cXkJ-exCjXvWJ7lSoi3_BUJHmBxssXnyW5Fafi4g.JPEG%2FIMG_3493.jpg%3Ftype%3Dw773; https://img1.kakaocdn.net/cthumb/local/C264x196.q50/?fname=https%3A%2F%2Fpostfiles.pstatic.net%2FMjAyNTAzMjFfOSAg%2FMDAxNzQyNDgyOTEzNTQ1.jNlKUAsKGY6k1nMh7LI8GegWbLWBTNm9IhDH2VNSHB0g.TRXPcVIok-kRnjIYO35FLnfH7Dao1QN9hjsZs-55QA4g.JPEG%2FSE-78562580-0084-11f0-9201-25e9c8ecb909.jpg%3Ftype%3Dw966; https://img1.kakaocdn.net/cthumb/local/C264x196.q50/?fname=https%3A%2F%2Fpostfiles.pstatic.net%2FMjAyNTAzMjFfMzIg%2FMDAxNzQyNDgyOTE1MDIw.sJjrfzL3LvjM7owIzB-JyE62aJLcy1ZTHnRo64bBD4Qg.DKmWypj4ZDPnN0V6WA_d_CEH2KJFbO6PWPBnO-bppAgg.JPEG%2FSE-53bf3c8a-0084-11f0-9201-73fa774b1027.jpg%3Ftype%3Dw966; https://img1.kakaocdn.net/cthumb/local/C264x196.q50/?fname=https%3A%2F%2Fpostfiles.pstatic.net%2FMjAyNTAzMTRfODIg%2FMDAxNzQxOTIzMzUwNjE2.hoKOs8V3eeoihZBMj4mGp4_p0nhAZWKBeWHKlJ8MOOwg.uzamYkS9Oahc1dYdy3M_tnEhlTT88DWo6hU_ivqwVPUg.JPEG%2Fimage6785468867361327955900%25E7%25AB%258A%25EF%25BF%25BD20250313%25E7%25AB%258A%25EF%25BF%25BD211027.jpg%3Ftype%3Dw966; https://img1.kakaocdn.net/cthumb/local/C264x196.q50/?fname=https%3A%2F%2Fpostfiles.pstatic.net%2FMjAyNTAzMjFfNzcg%2FMDAxNzQyNDgyOTE1NzA0.NlIdUdXdNLOlcyaaGJ74YSbzr-QoUieYXT9lgQ_a65og.3RZdEkkf1I2cPG9vfHwLQgkbIBmtqff2yWNja3hJ2EMg.JPEG%2FSE-53c026eb-0084-11f0-9201-c1359cfe077d.jpg%3Ftype%3Dw966,,영동숯불집행당점,,영동숯불집
옹기,4.2,https://img1.kakaocdn.net/cthumb/local/C544x408.q50/?fname=http%3A%2F%2Ft1.kakaocdn.net%2Fmystore%2F00D8C39999124C40BF51343956FD38D6; https://img1.kakaocdn.net/cthumb/local/C264x196.q50/?fname=http%3A%2F%2Ft1.kakaocdn.net%2Fmystore%2F460932BD8323454D86B7FE90B56FE269; https://img1.kakaocdn.net/cthumb/local/C264x196.q50/?fname=http%3A%2F%2Ft1.kakaocdn.net%2Fmystore%2F7BAAB200119141A68EA39F2A67274EBB; https://img1.kakaocdn.net/cthumb/local/C264x196.q50/?fname=http%3A%2F%2Ft1.kakaocdn.net%2Fmystore%2FCBDC19831C394419867552ECD7659B73; https://img1.kakaocdn.net/cthumb/local/C264x196.q50/?fname=http%3A%2F%2Ft1.kakaocdn.net%2Fmystore%2FC75BB70F8EB744088124D53571E8C200,https://place.map.kakao.com/734223812,이조옹기보쌈,,옹기
용문포차,4.6,https://img1.kakaocdn.net/cthumb/local/C544x408.q50/?fname=http%3A%2F%2Ft1.daumcdn.net%2Flocal%2FkakaomapPhoto%2Freview%2F1f39d3e0830c645ea96cb7ed9012a2bacccd52ab%3Foriginal; https://img1.kakaocdn.net/cthumb/local/C264x196.q50/?fname=http%3A%2F%2Ft1.daumcdn.net%2Flocal%2FkakaomapPhoto%2Freview%2F845ebe8588d0cbe52105f5de62c0d23677eb8933%3Foriginal; https://img1.kakaocdn.net/cthumb/local/C264x196.q50/?fname=http%3A%2F%2Ft1.daumcdn.net%2Flocal%2FkakaomapPhoto%2Freview%2F1bf8fea33cd02a542745703d4f02f628e9aa758b%3Foriginal; https://img1.kakaocdn.net/cthumb/local/C264x196.q50/?fname=http%3A%2F%2Ft1.daumcdn.net%2Flocal%2FkakaomapPhoto%2Freview%2Fe10fc5839284a4a5595ca2021b011c6aebe89a51%3Foriginal; https://img1.kakaocdn.net/cthumb/local/C264x196.q50/?fname=http%3A%2F%2Ft1.daumcdn.net%2Flocal%2FkakaomapPhoto%2Freview%2Fd24e9c31080d149ff4fbe6e2aa6c1beb1f99a062%3Foriginal,https://place.map.kakao.com/1294990542,용문포차,서울특별시 용산구 원효로41길 58,용문포차
용산대식가,3.8,https://img1.kakaocdn.net/cthumb/local/C544x408.q50/?fname=http%3A%2F%2Ft1.daumcdn.net%2Flocal%2FkakaomapPhoto%2Freview%2Ff3f52183ace88497197ca6dcfedf89760d50fba9%3Foriginal; https://img1.kakaocdn.net/cthumb/local/C264x196.q50/?fname=http%3A%2F%2Ft1.daumcdn.net%2Flocal%2FkakaomapPhoto%2Freview%2F7d0f8e13b74cb5177a03aef11a781dca3cf8ec70%3Foriginal; https://img1.kakaocdn.net/cthumb/local/C264x196.q50/?fname=http%3A%2F%2Ft1.daumcdn.net%2Flocal%2FkakaomapPhoto%2Freview%2Fc204035a0ff409a5cc2b4382bba0cf0e9922b37f%3Foriginal; https://img1.kakaocdn.net/cthumb/local/C264x196.q50/?fname=http%3A%2F%2Ft1.daumcdn.net%2Flocal%2FkakaomapPhoto%2Freview%2Fc06d813617fb4224170b1b7f9743d775e8b7cb4c%3Foriginal; https://img1.kakaocdn.net/cthumb/local/C264x196.q50/?fname=http%3A%2F%2Ft1.daumcdn.net%2Flocal%2FkakaomapPhoto%2Freview%2Fa78bd5646a8e00d6f5d3087e4e09d196d773a6bf%3Foriginal,https://place.map.kakao.com/26503366,대식가,서울특별시 용산구 한강대로15길 23,용산대식가
우담가해담가 주식회사,장소 없음,없음,없음,없음,서울특별시 마포구 양화로 45,우담가해담가 주식회사
원당감자탕 마포본점,장소 없음,없음,없음,없음,서울특별시 마포구 도화길 35,원당감자탕 마포본점
임도령,4.1,https://img1.kakaocdn.net/cthumb/local/C544x408.q50/?fname=http%3A%2F%2Ft1.daumcdn.net%2Flocal%2FkakaomapPhoto%2Freview%2Ff0042b3e3d823e013ee2e073686674edf63c829e%3Foriginal; https://img1.kakaocdn.net/cthumb/local/C264x196.q50/?fname=http%3A%2F%2Ft1.daumcdn.net%2Flocal%2FkakaomapPhoto%2Freview%2Ff40db6c5b03233c4ab2583cad820b55158ae694e%3Foriginal; https://img1.kakaocdn.net/cthumb/local/C264x196.q50/?fname=http%3A%2F%2Ft1.daumcdn.net%2Flocal%2FkakaomapPhoto%2Freview%2F22f175b6ff79786b0311edef6407627ef5edd51d%3Foriginal; https://img1.kakaocdn.net/cthumb/local/C264x196.q50/?fname=https%3A%2F%2Fpostfiles.pstatic.net%2FMjAyNTAzMDdfMTM4%2FMDAxNzQxMzE4ODE2NDI3.BSWnyIMALgKupVQkdDUfkE13OhtUjhNmZOWliHrmVDgg.8D1u2Wh066AKJDmPV8JxfNkTxPB-Eed3HKPO3Qjw6UMg.JPEG%2F900%25EF%25BC%25BF20250306%25EF%25BC%25BF193306.jpg%3Ftype%3Dw466; https://img1.kakaocdn.net/cthumb/local/C264x196.q50/?fname=https%3A%2F%2Fpostfiles.pstatic.net%2FMjAyNTAzMDdfMTEy%2FMDAxNzQxMzE4ODE1MDc5.TGYFluFw5fARqPlUyCrSCyb_0Rttpg8xBQTOGq3VVfEg.eoyUwHGK6wOx4IVikeOQZlvb1MPwlyiVq-Qqjj4xWIYg.JPEG%2F900%25EF%25BC%25BF20250306%25EF%25BC%25BF200743.jpg%3Ftype%3Dw966,https://place.map.kakao.com/1569657688,임도령부대찌개&쭈꾸미볶음,서울특별시 용산구 한강대로 95,임도령
정성달아 한남동본점,장소 없음,없음,없음,없음,서울특별시 용산구 대사관로 65,정성달아 한남동본점
참이맛원효점,3.2,https://img1.kakaocdn.net/cthumb/local/C544x408.q50/?fname=https%3A%2F%2Fpostfiles.pstatic.net%2FMjAyNTAzMzBfMTIg%2FMDAxNzQzMzAyNDcwMTY5.c5pIB-Mk1LP6ZngqwsVNyKzzoLTpKdti1rzGlmAq7NAg.UybhIVGZ0SDye8qTjWny__E5lXYQ7LHFagi4IAt12_gg.JPEG%2F900%25EF%25BC%25BF20250329%25EF%25BC%25BF172546.jpg%3Ftype%3Dw773; https://img1.kakaocdn.net/cthumb/local/C264x196.q50/?fname=https%3A%2F%2Fpostfiles.pstatic.net%2FMjAyNTAzMzBfMjAy%2FMDAxNzQzMzAyNDY5ODYx.GF-pEtEW3MHDGbg8syundqynccQNEQLD72tMa8uaVyQg.JAgW4IB2YED6H18pKEUXGI_dEPphGtXQR4otN_SY-Nwg.JPEG%2F900%25EF%25BC%25BF20250329%25EF%25BC%25BF172719.jpg%3Ftype%3Dw773; https://img1.kakaocdn.net/cthumb/local/C264x196.q50/?fname=https%3A%2F%2Fpostfiles.pstatic.net%2FMjAyNTAzMjNfMTgw%2FMDAxNzQyNzE5OTYxOTQ0.NTUxO_0lbxvRV5gNlqOPIXQgDcMHCfO8YvYTbOqE-Qkg.33-rcpsD3d4DeNCmjMe18bEgH9FFcGuk_r2IUbEd4Jcg.JPEG%2FIMG_7962.jpg%3Ftype%3Dw386; https://img1.kakaocdn.net/cthumb/local/C264x196.q50/?fname=https%3A%2F%2Fpostfiles.pstatic.net%2FMjAyNTAzMjNfMTEg%2FMDAxNzQyNzE5OTYyMTQz.C8oYoCf-XLiahFR7gPBHxEJt0TRpNJ0LxPRewb2f0KAg.Ox7hlvfhFl68R5LEBr-4GJ8j5tT8Y4YJdHtjW5urtoUg.JPEG%2FIMG_7963.jpg%3Ftype%3Dw386; https://img1.kakaocdn.net/cthumb/local/C264x196.q50/?fname=https%3A%2F%2Fpostfiles.pstatic.net%2FMjAyNTAzMjNfODEg%2FMDAxNzQyNzE5OTU4NzYx.lsXXKVq3RBAwEtvuT6HpFFAGC6-oNPBZROnMt6Iq2Kog.8smLdq7EYCowhdnWMNGsYZuoukOwmCYFzF-AK9Qxaowg.JPEG%2FIMG_7959.jpg%3Ftype%3Dw773,https://place.map.kakao.com/1162513807,참이맛감자탕 원효점,서울특별시 용산구 원효로89길 4,참이맛원효점
칠백한우,4.4,https://img1.kakaocdn.net/cthumb/local/C544x408.q50/?fname=http%3A%2F%2Ft1.daumcdn.net%2Flocal%2FkakaomapPhoto%2Freview%2F048835ff72849c3c0e7e858f5b8c9cd7d51acd7c%3Foriginal; https://img1.kakaocdn.net/cthumb/local/C264x196.q50/?fname=http%3A%2F%2Ft1.daumcdn.net%2Flocal%2FkakaomapPhoto%2Freview%2Fec58b709641ff7e8038ab21b85ba17425a201835%3Foriginal; https://img1.kakaocdn.net/cthumb/local/C264x196.q50/?fname=http%3A%2F%2Ft1.daumcdn.net%2Flocal%2FkakaomapPhoto%2Freview%2Fdcf89e429073402cd01fb96bbebac61e17a46a04%3Foriginal; https://img1.kakaocdn.net/cthumb/local/C264x196.q50/?fname=http%3A%2F%2Ft1.daumcdn.net%2Flocal%2FkakaomapPhoto%2Freview%2Fd6361012e62fed4bfa141d849b53a27d97c291aa%3Foriginal; https://img1.kakaocdn.net/cthumb/local/C264x196.q50/?fname=http%3A%2F%2Ft1.daumcdn.net%2Flocal%2FkakaomapPhoto%2Freview%2F0e01b564438b76a958cd203d881e189d9d23a365%3Foriginal,https://place.map.kakao.com/1791578550,칠백한우국밥,,칠백한우
하노이의 아침&PUB,장소 없음,없음,없음,없음,서울특별시 마포구 성암로 267,하노이의 아침&PUB
한남 뜰(HAN NAM 뜰),장소 없음,없음,없음,없음,서울특별시 용산구 독서당로20길 7,한남 뜰(HAN NAM 뜰)
홍대 율촌,4,https://img1.kakaocdn.net/cthumb/local/C544x408.q50/?fname=http%3A%2F%2Ft1.daumcdn.net%2Flocal%2FkakaomapPhoto%2Freview%2Ff7df932fdc22e9971897bbe54a238d30cb7913fa%3Foriginal; https://img1.kakaocdn.net/cthumb/local/C264x196.q50/?fname=https%3A%2F%2Fpostfiles.pstatic.net%2FMjAyNTAzMjhfMjMy%2FMDAxNzQzMTI0MjEzOTAx.IbSUAOnfl9-QdOUJerGAN9r8UuWLgA8f7KF78M57Ztog.Gdhn0u2VjP5_XX5lpxJ_-6pcQWXKZaXlL11nhN9v-88g.JPEG%2Foutput_297668739.jpg%3Ftype%3Dw386; https://img1.kakaocdn.net/cthumb/local/C264x196.q50/?fname=https%3A%2F%2Fpostfiles.pstatic.net%2FMjAyNTAzMjhfMjUz%2FMDAxNzQzMTI0MjM0NjY5.8yQzuSeJ_xBG4sFKgNzwP0LWotcrOlNULJr5Ytgl0ncg.sS_VZNt-6VkXuuaAYBVurWv_tXawt5DgbMDWvmAB_3kg.JPEG%2Foutput_2669653819.jpg%3Ftype%3Dw386; https://img1.kakaocdn.net/cthumb/local/C264x196.q50/?fname=https%3A%2F%2Fpostfiles.pstatic.net%2FMjAyNTAzMjhfMjcx%2FMDAxNzQzMTIzMTA4MDQ4.SdnOqGqhZKSV8tBjbPMhywwaUuM8REPx6F7ikFhc1TQg.lGYRPVUg18xnoTcFbFumadVr7-l3zmqJ1J2bIUw04cEg.JPEG%2Foutput_2572933585.jpg%3Ftype%3Dw773; https://img1.kakaocdn.net/cthumb/local/C264x196.q50/?fname=https%3A%2F%2Fpostfiles.pstatic.net%2FMjAyNTAzMjdfNTAg%2FMDAxNzQzMDgzOTc5OTQ0.xLHmbMbiXLlJzomElZh1ZCHEywY0WkaF-D5KsTHuPOcg.mLJhvzzzy9QYECi-4PJWyPZi1ZmJIcfckGZoeE33PDog.JPEG%2Foutput_848082519.jpg%3Ftype%3Dw773,https://place.map.kakao.com/1913117395,홍대개미 순천오천점,,홍대 율촌
홍반장신의주찹쌀순대&감자탕,1.4,https://img1.kakaocdn.net/cthumb/local/C544x408.q50/?fname=http%3A%2F%2Ft1.daumcdn.net%2Flocal%2FkakaomapPhoto%2Freview%2F06cebf93d4243668ae2d01fc8eb1d4cdcfbfdec2%3Foriginal; https://img1.kakaocdn.net/cthumb/local/C264x196.q50/?fname=http%3A%2F%2Ft1.daumcdn.net%2Flocal%2FkakaomapPhoto%2Freview%2F80842794c23db887a9506cb87f95dab0377321a5%3Foriginal; https://img1.kakaocdn.net/cthumb/local/C264x196.q50/?fname=http%3A%2F%2Ft1.daumcdn.net%2Flocal%2FkakaomapPhoto%2Freview%2F1593d6737b1123dd107bedf74a064153aff0ba88%3Foriginal; https://img1.kakaocdn.net/cthumb/local/C264x196.q50/?fname=https%3A%2F%2Fblog.kakaocdn.net%2Fdn%2FcZDaFO%2FbtsMPkLACSm%2FW0M0qXZv5d3EhQe3tvp1Ek%2Fimg.png; https://img1.kakaocdn.net/cthumb/local/C264x196.q50/?fname=https%3A%2F%2Fblog.kakaocdn.net%2Fdn%2FenRNMP%2FbtsMQ6rjGnR%2Ftk3pPVLfNkgZK9rFRu9nU0%2Fimg.png,https://place.map.kakao.com/632592122,홍반장신의주찹쌀순대&감자탕,서울특별시 마포구 월드컵로 190,홍반장신의주찹쌀순대&감자탕
新(신)청파찹쌀순대,장소 없음,없음,없음,없음,서울특별시 용산구 청파로 299-1,新(신)청파찹쌀순대